BEGIN TRANSACTION;
INSERT INTO "authApp_accesagence" ("id","created_at","update_at","deleted","protected","agence_id","employe_id") VALUES ('19e0712757344e87a196b01021edba7d','2021-10-05 21:45:17.155916','2021-10-05 21:45:17.156008',0,0,'56377fe609cf490987c6df47267e1282',2);
INSERT INTO "auth_permission" ("id","content_type_id","codename","name") VALUES (1,1,'add_logentry','Can add log entry'),
 (2,1,'change_logentry','Can change log entry'),
 (3,1,'delete_logentry','Can delete log entry'),
 (4,1,'view_logentry','Can view log entry'),
 (5,2,'add_permission','Can add permission'),
 (6,2,'change_permission','Can change permission'),
 (7,2,'delete_permission','Can delete permission'),
 (8,2,'view_permission','Can view permission'),
 (9,3,'add_group','Can add group'),
 (10,3,'change_group','Can change group'),
 (11,3,'delete_group','Can delete group'),
 (12,3,'view_group','Can view group'),
 (13,4,'add_user','Can add user'),
 (14,4,'change_user','Can change user'),
 (15,4,'delete_user','Can delete user'),
 (16,4,'view_user','Can view user'),
 (17,5,'add_contenttype','Can add content type'),
 (18,5,'change_contenttype','Can change content type'),
 (19,5,'delete_contenttype','Can delete content type'),
 (20,5,'view_contenttype','Can view content type'),
 (21,6,'add_session','Can add session'),
 (22,6,'change_session','Can change session'),
 (23,6,'delete_session','Can delete session'),
 (24,6,'view_session','Can view session'),
 (25,7,'add_accesagence','Can add acces agence'),
 (26,7,'change_accesagence','Can change acces agence'),
 (27,7,'delete_accesagence','Can delete acces agence'),
 (28,7,'view_accesagence','Can view acces agence'),
 (29,8,'add_forgotpassword','Can add forgot password'),
 (30,8,'change_forgotpassword','Can change forgot password'),
 (31,8,'delete_forgotpassword','Can delete forgot password'),
 (32,8,'view_forgotpassword','Can view forgot password'),
 (33,9,'add_etat','Can add etat'),
 (34,9,'change_etat','Can change etat'),
 (35,9,'delete_etat','Can delete etat'),
 (36,9,'view_etat','Can view etat'),
 (37,10,'add_client','Can add client'),
 (38,10,'change_client','Can change client'),
 (39,10,'delete_client','Can delete client'),
 (40,10,'view_client','Can view client'),
 (41,11,'add_typeclient','Can add type client'),
 (42,11,'change_typeclient','Can change type client'),
 (43,11,'delete_typeclient','Can delete type client'),
 (44,11,'view_typeclient','Can view type client'),
 (45,12,'add_agence','Can add agence'),
 (46,12,'change_agence','Can change agence'),
 (47,12,'delete_agence','Can delete agence'),
 (48,12,'view_agence','Can view agence'),
 (49,13,'add_employe','Can add user'),
 (50,13,'change_employe','Can change user'),
 (51,13,'delete_employe','Can delete user'),
 (52,13,'view_employe','Can view user'),
 (53,14,'add_brique','Can add brique'),
 (54,14,'change_brique','Can change brique'),
 (55,14,'delete_brique','Can delete brique'),
 (56,14,'view_brique','Can view brique'),
 (57,15,'add_exigenceproduction','Can add exigence production'),
 (58,15,'change_exigenceproduction','Can change exigence production'),
 (59,15,'delete_exigenceproduction','Can delete exigence production'),
 (60,15,'view_exigenceproduction','Can view exigence production'),
 (61,16,'add_ressource','Can add ressource'),
 (62,16,'change_ressource','Can change ressource'),
 (63,16,'delete_ressource','Can delete ressource'),
 (64,16,'view_ressource','Can view ressource'),
 (65,17,'add_typeperte','Can add type perte'),
 (66,17,'change_typeperte','Can change type perte'),
 (67,17,'delete_typeperte','Can delete type perte'),
 (68,17,'view_typeperte','Can view type perte'),
 (69,18,'add_transfertstock','Can add transfert stock'),
 (70,18,'change_transfertstock','Can change transfert stock'),
 (71,18,'delete_transfertstock','Can delete transfert stock'),
 (72,18,'view_transfertstock','Can view transfert stock'),
 (73,19,'add_production','Can add production'),
 (74,19,'change_production','Can change production'),
 (75,19,'delete_production','Can delete production'),
 (76,19,'view_production','Can view production'),
 (77,20,'add_perteressource','Can add perte ressource'),
 (78,20,'change_perteressource','Can change perte ressource'),
 (79,20,'delete_perteressource','Can delete perte ressource'),
 (80,20,'view_perteressource','Can view perte ressource'),
 (81,21,'add_pertebrique','Can add perte brique'),
 (82,21,'change_pertebrique','Can change perte brique'),
 (83,21,'delete_pertebrique','Can delete perte brique'),
 (84,21,'view_pertebrique','Can view perte brique'),
 (85,22,'add_payebriqueferie','Can add paye brique ferie'),
 (86,22,'change_payebriqueferie','Can change paye brique ferie'),
 (87,22,'delete_payebriqueferie','Can delete paye brique ferie'),
 (88,22,'view_payebriqueferie','Can view paye brique ferie'),
 (89,23,'add_payebrique','Can add paye brique'),
 (90,23,'change_payebrique','Can change paye brique'),
 (91,23,'delete_payebrique','Can delete paye brique'),
 (92,23,'view_payebrique','Can view paye brique'),
 (93,24,'add_lignetransfertstock','Can add ligne transfert stock'),
 (94,24,'change_lignetransfertstock','Can change ligne transfert stock'),
 (95,24,'delete_lignetransfertstock','Can delete ligne transfert stock'),
 (96,24,'view_lignetransfertstock','Can view ligne transfert stock'),
 (97,25,'add_ligneproduction','Can add ligne production'),
 (98,25,'change_ligneproduction','Can change ligne production'),
 (99,25,'delete_ligneproduction','Can delete ligne production'),
 (100,25,'view_ligneproduction','Can view ligne production'),
 (101,26,'add_lignepertebrique','Can add ligne perte brique'),
 (102,26,'change_lignepertebrique','Can change ligne perte brique'),
 (103,26,'delete_lignepertebrique','Can delete ligne perte brique'),
 (104,26,'view_lignepertebrique','Can view ligne perte brique'),
 (105,27,'add_ligneexigenceproduction','Can add ligne exigence production'),
 (106,27,'change_ligneexigenceproduction','Can change ligne exigence production'),
 (107,27,'delete_ligneexigenceproduction','Can delete ligne exigence production'),
 (108,27,'view_ligneexigenceproduction','Can view ligne exigence production'),
 (109,28,'add_ligneconsommation','Can add ligne consommation'),
 (110,28,'change_ligneconsommation','Can change ligne consommation'),
 (111,28,'delete_ligneconsommation','Can delete ligne consommation'),
 (112,28,'view_ligneconsommation','Can view ligne consommation'),
 (113,29,'add_initialressourceagence','Can add initial ressource agence'),
 (114,29,'change_initialressourceagence','Can change initial ressource agence'),
 (115,29,'delete_initialressourceagence','Can delete initial ressource agence'),
 (116,29,'view_initialressourceagence','Can view initial ressource agence'),
 (117,30,'add_initialbriqueagence','Can add initial brique agence'),
 (118,30,'change_initialbriqueagence','Can change initial brique agence'),
 (119,30,'delete_initialbriqueagence','Can delete initial brique agence'),
 (120,30,'view_initialbriqueagence','Can view initial brique agence'),
 (121,31,'add_consommationjour','Can add consommation jour'),
 (122,31,'change_consommationjour','Can change consommation jour'),
 (123,31,'delete_consommationjour','Can delete consommation jour'),
 (124,31,'view_consommationjour','Can view consommation jour'),
 (125,32,'add_commande','Can add commande'),
 (126,32,'change_commande','Can change commande'),
 (127,32,'delete_commande','Can delete commande'),
 (128,32,'view_commande','Can view commande'),
 (129,33,'add_groupecommande','Can add groupe commande'),
 (130,33,'change_groupecommande','Can change groupe commande'),
 (131,33,'delete_groupecommande','Can delete groupe commande'),
 (132,33,'view_groupecommande','Can view groupe commande'),
 (133,34,'add_lignecommande','Can add ligne commande'),
 (134,34,'change_lignecommande','Can change ligne commande'),
 (135,34,'delete_lignecommande','Can delete ligne commande'),
 (136,34,'view_lignecommande','Can view ligne commande'),
 (137,35,'add_prixzonelivraison','Can add prix zone livraison'),
 (138,35,'change_prixzonelivraison','Can change prix zone livraison'),
 (139,35,'delete_prixzonelivraison','Can delete prix zone livraison'),
 (140,35,'view_prixzonelivraison','Can view prix zone livraison'),
 (141,36,'add_zonelivraison','Can add zone livraison'),
 (142,36,'change_zonelivraison','Can change zone livraison'),
 (143,36,'delete_zonelivraison','Can delete zone livraison'),
 (144,36,'view_zonelivraison','Can view zone livraison'),
 (145,37,'add_chauffeur','Can add chauffeur'),
 (146,37,'change_chauffeur','Can change chauffeur'),
 (147,37,'delete_chauffeur','Can delete chauffeur'),
 (148,37,'view_chauffeur','Can view chauffeur'),
 (149,38,'add_lignelivraison','Can add ligne livraison'),
 (150,38,'change_lignelivraison','Can change ligne livraison'),
 (151,38,'delete_lignelivraison','Can delete ligne livraison'),
 (152,38,'view_lignelivraison','Can view ligne livraison'),
 (153,39,'add_livraison','Can add livraison'),
 (154,39,'change_livraison','Can change livraison'),
 (155,39,'delete_livraison','Can delete livraison'),
 (156,39,'view_livraison','Can view livraison'),
 (157,40,'add_vehicule','Can add vehicule'),
 (158,40,'change_vehicule','Can change vehicule'),
 (159,40,'delete_vehicule','Can delete vehicule'),
 (160,40,'view_vehicule','Can view vehicule'),
 (161,41,'add_tricycle','Can add tricycle'),
 (162,41,'change_tricycle','Can change tricycle'),
 (163,41,'delete_tricycle','Can delete tricycle'),
 (164,41,'view_tricycle','Can view tricycle'),
 (165,42,'add_achatstock','Can add achat stock'),
 (166,42,'change_achatstock','Can change achat stock'),
 (167,42,'delete_achatstock','Can delete achat stock'),
 (168,42,'view_achatstock','Can view achat stock'),
 (169,43,'add_approvisionnement','Can add approvisionnement'),
 (170,43,'change_approvisionnement','Can change approvisionnement'),
 (171,43,'delete_approvisionnement','Can delete approvisionnement'),
 (172,43,'view_approvisionnement','Can view approvisionnement'),
 (173,44,'add_fournisseur','Can add fournisseur'),
 (174,44,'change_fournisseur','Can change fournisseur'),
 (175,44,'delete_fournisseur','Can delete fournisseur'),
 (176,44,'view_fournisseur','Can view fournisseur'),
 (177,45,'add_ligneachatstock','Can add ligne achat stock'),
 (178,45,'change_ligneachatstock','Can change ligne achat stock'),
 (179,45,'delete_ligneachatstock','Can delete ligne achat stock'),
 (180,45,'view_ligneachatstock','Can view ligne achat stock'),
 (181,46,'add_ligneapprovisionnement','Can add ligne approvisionnement'),
 (182,46,'change_ligneapprovisionnement','Can change ligne approvisionnement'),
 (183,46,'delete_ligneapprovisionnement','Can delete ligne approvisionnement'),
 (184,46,'view_ligneapprovisionnement','Can view ligne approvisionnement'),
 (185,47,'add_categoryoperation','Can add category operation'),
 (186,47,'change_categoryoperation','Can change category operation'),
 (187,47,'delete_categoryoperation','Can delete category operation'),
 (188,47,'view_categoryoperation','Can view category operation'),
 (189,48,'add_compte','Can add compte'),
 (190,48,'change_compte','Can change compte'),
 (191,48,'delete_compte','Can delete compte'),
 (192,48,'view_compte','Can view compte'),
 (193,49,'add_modepayement','Can add mode payement'),
 (194,49,'change_modepayement','Can change mode payement'),
 (195,49,'delete_modepayement','Can delete mode payement'),
 (196,49,'view_modepayement','Can view mode payement'),
 (197,50,'add_mouvement','Can add mouvement'),
 (198,50,'change_mouvement','Can change mouvement'),
 (199,50,'delete_mouvement','Can delete mouvement'),
 (200,50,'view_mouvement','Can view mouvement'),
 (201,51,'add_operation','Can add operation'),
 (202,51,'change_operation','Can change operation'),
 (203,51,'delete_operation','Can delete operation'),
 (204,51,'view_operation','Can view operation'),
 (205,52,'add_reglement','Can add reglement'),
 (206,52,'change_reglement','Can change reglement'),
 (207,52,'delete_reglement','Can delete reglement'),
 (208,52,'view_reglement','Can view reglement'),
 (209,53,'add_reglementachatstock','Can add reglement achat stock'),
 (210,53,'change_reglementachatstock','Can change reglement achat stock'),
 (211,53,'delete_reglementachatstock','Can delete reglement achat stock'),
 (212,53,'view_reglementachatstock','Can view reglement achat stock'),
 (213,54,'add_reglementapprovisionnement','Can add reglement approvisionnement'),
 (214,54,'change_reglementapprovisionnement','Can change reglement approvisionnement'),
 (215,54,'delete_reglementapprovisionnement','Can delete reglement approvisionnement'),
 (216,54,'view_reglementapprovisionnement','Can view reglement approvisionnement'),
 (217,55,'add_reglementcommande','Can add reglement commande'),
 (218,55,'change_reglementcommande','Can change reglement commande'),
 (219,55,'delete_reglementcommande','Can delete reglement commande'),
 (220,55,'view_reglementcommande','Can view reglement commande'),
 (221,56,'add_reglementtricycle','Can add reglement tricycle'),
 (222,56,'change_reglementtricycle','Can change reglement tricycle'),
 (223,56,'delete_reglementtricycle','Can delete reglement tricycle'),
 (224,56,'view_reglementtricycle','Can view reglement tricycle'),
 (225,57,'add_typemouvement','Can add type mouvement'),
 (226,57,'change_typemouvement','Can change type mouvement'),
 (227,57,'delete_typemouvement','Can delete type mouvement'),
 (228,57,'view_typemouvement','Can view type mouvement'),
 (229,58,'add_typeoperationcaisse','Can add type operation caisse'),
 (230,58,'change_typeoperationcaisse','Can change type operation caisse'),
 (231,58,'delete_typeoperationcaisse','Can delete type operation caisse'),
 (232,58,'view_typeoperationcaisse','Can view type operation caisse'),
 (233,59,'add_typereglement','Can add type reglement'),
 (234,59,'change_typereglement','Can change type reglement'),
 (235,59,'delete_typereglement','Can delete type reglement'),
 (236,59,'view_typereglement','Can view type reglement'),
 (237,60,'add_transfertfond','Can add transfertfond'),
 (238,60,'change_transfertfond','Can change transfertfond'),
 (239,60,'delete_transfertfond','Can delete transfertfond'),
 (240,60,'view_transfertfond','Can view transfertfond'),
 (241,61,'add_myapp','Can add my app'),
 (242,61,'change_myapp','Can change my app'),
 (243,61,'delete_myapp','Can delete my app'),
 (244,61,'view_myapp','Can view my app'),
 (245,61,'fabrique','Peut acceder à la gestion de la fabrique'),
 (246,61,'boutique','Peut acceder à la gestion de la boutique'),
 (247,61,'production','Peut acceder à la gestion de la production'),
 (248,61,'organisation','Peut acceder à la gestion de l''organisation'),
 (249,61,'commande','Peut acceder à la gestion des commande'),
 (250,61,'approvisionnement','Peut acceder à la gestion des approvisionnement'),
 (251,61,'comptabilitte','Peut acceder à la gestion des comptabilitte'),
 (252,61,'configuration','Peut acceder aux configurations'),
 (253,61,'role','Peut acceder aux accès utilisateurs'),
 (254,62,'add_mycompte','Can add my compte'),
 (255,62,'change_mycompte','Can change my compte'),
 (256,62,'delete_mycompte','Can delete my compte'),
 (257,62,'view_mycompte','Can view my compte');
INSERT INTO "auth_user" ("id","password","last_login","is_superuser","username","last_name","email","is_staff","is_active","date_joined","first_name") VALUES (1,'pbkdf2_sha256$260000$XbU04cez898trslj10TC0F$tdpmnaBkY1HckWdXO9kiyiY7NSQSx7yBj2KEqibmg9k=','2021-10-05 21:56:04.356710',1,'admin','','',1,1,'2021-10-05 21:33:55.640741',''),
 (2,'pbkdf2_sha256$260000$ZfjoMTV2J5mhR0PHMj9NAS$M2UJET/L+/EokTwZklpsG67W8FsZdPTZpB/nZC1nVjo=','2021-10-05 21:55:55.818235',0,'root','Manyessé','aristidemanyesse@gmail.com',0,1,'2021-10-05 21:37:59','Aristide');
INSERT INTO "auth_user_user_permissions" ("id","user_id","permission_id") VALUES (1,2,245),
 (2,2,246),
 (3,2,247),
 (4,2,248),
 (5,2,249),
 (6,2,250),
 (7,2,251),
 (8,2,252),
 (9,2,253);
INSERT INTO "clientApp_client" ("id","created_at","update_at","deleted","protected","name","adresse","email","contact","acompte_initial","dette_initial","seuil_credit","agence_id","type_id") VALUES ('5796840a9ce940028b882ffa7861e6d8','2021-10-05 21:57:14.020942','2021-10-05 21:57:14.020984',0,0,'Thomas sankara','Port-Bouet','aristidemanyesse@gmail.com','47 58 93 21',123000,52000,NULL,'56377fe609cf490987c6df47267e1282','793ce8ee462b48feb4552aca09d0b9a1'),
 ('3637295dff624b5fb2953ab382e431a9','2021-10-05 21:58:02.946431','2021-10-05 21:58:02.946478',0,0,'Thomas sankara','Port-Bouet','aristidemanyesse@gmail.com','47 58 93 21',123000,52000,NULL,'56377fe609cf490987c6df47267e1282','793ce8ee462b48feb4552aca09d0b9a1');
INSERT INTO "clientApp_typeclient" ("id","created_at","update_at","deleted","protected","name") VALUES ('d6544a620a9b4ac995064df396e62fdb','2021-10-05 21:55:15.428813','2021-10-05 21:55:15.428915',0,0,'Entreprise'),
 ('793ce8ee462b48feb4552aca09d0b9a1','2021-10-05 21:55:20.633217','2021-10-05 21:55:20.633315',0,0,'Particulier');
INSERT INTO "commandeApp_prixzonelivraison" ("id","created_at","update_at","deleted","protected","price","brique_id","zone_id") VALUES ('1a6c5d31a54a4ff094a38a4eeeeccc2b','2021-10-05 22:08:41.955779','2021-10-05 22:08:41.955827',0,0,'0','f2d97def6f3b4cd9b33b342cc005bc55','3dabce72ee104f9f994b5ed48f278922'),
 ('ec44c45d291c44e29a62073ee4b6d445','2021-10-05 22:08:41.956757','2021-10-05 22:08:41.956803',0,0,'0','0cfb69239f3f4bee9ef9232f6c5f6d29','3dabce72ee104f9f994b5ed48f278922'),
 ('09c71c5a51374abf83d4c59b93feb60e','2021-10-05 22:08:41.957324','2021-10-05 22:08:41.957355',0,0,'0','bebde59d90a94c519f657fb3287e4ebc','3dabce72ee104f9f994b5ed48f278922'),
 ('eb27d268b0074fbe94d5976e938dff55','2021-10-05 22:08:49.307603','2021-10-05 22:08:49.307649',0,0,'0','f2d97def6f3b4cd9b33b342cc005bc55','47d51261c4bd4b99a50169cda1c42085'),
 ('a634bc53c04a452dab9af0e849b0f38b','2021-10-05 22:08:49.308509','2021-10-05 22:08:49.308552',0,0,'0','0cfb69239f3f4bee9ef9232f6c5f6d29','47d51261c4bd4b99a50169cda1c42085'),
 ('441723161601470ab4f8716e8e9160ee','2021-10-05 22:08:49.309110','2021-10-05 22:08:49.309145',0,0,'0','bebde59d90a94c519f657fb3287e4ebc','47d51261c4bd4b99a50169cda1c42085'),
 ('5b0de91545d14e0bbea49d46a992657a','2021-10-05 22:09:02.188331','2021-10-05 22:09:02.188393',0,0,'0','f2d97def6f3b4cd9b33b342cc005bc55','4705a41d274c4027ac1d7b2a72195c41'),
 ('8531bae70ee84ba9aed27de7784f53d2','2021-10-05 22:09:02.189449','2021-10-05 22:09:02.189498',0,0,'0','0cfb69239f3f4bee9ef9232f6c5f6d29','4705a41d274c4027ac1d7b2a72195c41'),
 ('adc29313e71044eeacf0a8a95220c050','2021-10-05 22:09:02.190126','2021-10-05 22:09:02.190177',0,0,'0','bebde59d90a94c519f657fb3287e4ebc','4705a41d274c4027ac1d7b2a72195c41'),
 ('61a3874069554c98ae3480dab02bb488','2021-10-05 22:11:54.096112','2021-10-05 22:13:56.562888',0,0,'300','d8e1b279e53a460cac315a8247f1f0b1','3dabce72ee104f9f994b5ed48f278922'),
 ('c6ea489bd4c04355a4576ab9653623d3','2021-10-05 22:11:54.096801','2021-10-05 22:11:54.096831',0,0,'0','d8e1b279e53a460cac315a8247f1f0b1','47d51261c4bd4b99a50169cda1c42085'),
 ('4a26c411711945aab525ee67307a24fe','2021-10-05 22:11:54.097223','2021-10-05 22:11:54.097249',0,0,'0','d8e1b279e53a460cac315a8247f1f0b1','4705a41d274c4027ac1d7b2a72195c41');
INSERT INTO "commandeApp_zonelivraison" ("id","created_at","update_at","deleted","protected","name","agence_id") VALUES ('3dabce72ee104f9f994b5ed48f278922','2021-10-05 22:08:41.952668','2021-10-05 22:08:41.952717',0,0,'Adjamé','56377fe609cf490987c6df47267e1282'),
 ('47d51261c4bd4b99a50169cda1c42085','2021-10-05 22:08:49.304888','2021-10-05 22:08:49.304942',0,0,'Abobo','56377fe609cf490987c6df47267e1282'),
 ('4705a41d274c4027ac1d7b2a72195c41','2021-10-05 22:09:02.185307','2021-10-05 22:09:02.185374',0,0,'Treichville','56377fe609cf490987c6df47267e1282');
INSERT INTO "django_admin_log" ("id","action_time","object_id","object_repr","change_message","content_type_id","user_id","action_flag") VALUES (1,'2021-10-05 21:38:46.756029','56377fe6-09cf-4909-87c6-df47267e1282','Agence Abidjan','[{"added": {}}]',12,1,1),
 (2,'2021-10-05 21:39:07.782485','2','Aristide Manyessé','[{"added": {}}]',13,1,1),
 (3,'2021-10-05 21:45:17.157685','19e07127-5734-4e87-a196-b01021edba7d','Aristide Manyessé dans Agence Abidjan','[{"added": {}}]',7,1,1),
 (4,'2021-10-05 21:50:59.256341','2','root','[{"changed": {"fields": ["User permissions"]}}]',4,1,2),
 (5,'2021-10-05 21:55:15.430287','d6544a62-0a9b-4ac9-9506-4df396e62fdb','Entreprise','[{"added": {}}]',11,1,1),
 (6,'2021-10-05 21:55:20.634579','793ce8ee-462b-48fe-b455-2aca09d0b9a1','Particulier','[{"added": {}}]',11,1,1),
 (7,'2021-10-05 22:06:18.561295','f2d97def-6f3b-4cd9-b33b-342cc005bc55','BTC 15','[{"added": {}}]',14,1,1),
 (8,'2021-10-05 22:06:31.848427','f2d97def-6f3b-4cd9-b33b-342cc005bc55','BTC 15','[]',14,1,2),
 (9,'2021-10-05 22:08:09.843117','0cfb6923-9f3f-4bee-9ef9-232f6c5f6d29','Hourdis FR','[{"added": {}}]',14,1,1),
 (10,'2021-10-05 22:08:21.584089','bebde59d-90a9-4c51-9f65-7fb3287e4ebc','AC 12','[{"added": {}}]',14,1,1),
 (11,'2021-10-05 22:08:41.957849','3dabce72-ee10-4f9f-994b-5ed48f278922','Adjamé','[{"added": {}}]',36,1,1),
 (12,'2021-10-05 22:08:49.309730','47d51261-c4bd-4b99-a501-69cda1c42085','Abobo','[{"added": {}}]',36,1,1),
 (13,'2021-10-05 22:09:02.190685','4705a41d-274c-4027-ac1d-7b2a72195c41','Treichville','[{"added": {}}]',36,1,1),
 (14,'2021-10-05 22:09:27.616673','d8e1b279-e53a-460c-ac31-5a8247f1f0b1','AP 15','[{"added": {}}]',14,1,1),
 (15,'2021-10-05 22:11:54.098487','d8e1b279-e53a-460c-ac31-5a8247f1f0b1','AP 15','[]',14,1,2),
 (16,'2021-10-05 22:13:25.964227','1','MyApp object (1)','[{"added": {}}]',61,1,1),
 (17,'2021-10-05 22:13:56.564810','61a38740-6955-4c98-ae34-80dab02bb488','Prix de livraison de AP 15 à Adjamé','[{"changed": {"fields": ["Price"]}}]',35,1,2);
INSERT INTO "django_content_type" ("id","app_label","model") VALUES (1,'admin','logentry'),
 (2,'auth','permission'),
 (3,'auth','group'),
 (4,'auth','user'),
 (5,'contenttypes','contenttype'),
 (6,'sessions','session'),
 (7,'authApp','accesagence'),
 (8,'authApp','forgotpassword'),
 (9,'coreApp','etat'),
 (10,'clientApp','client'),
 (11,'clientApp','typeclient'),
 (12,'organisationApp','agence'),
 (13,'organisationApp','employe'),
 (14,'productionApp','brique'),
 (15,'productionApp','exigenceproduction'),
 (16,'productionApp','ressource'),
 (17,'productionApp','typeperte'),
 (18,'productionApp','transfertstock'),
 (19,'productionApp','production'),
 (20,'productionApp','perteressource'),
 (21,'productionApp','pertebrique'),
 (22,'productionApp','payebriqueferie'),
 (23,'productionApp','payebrique'),
 (24,'productionApp','lignetransfertstock'),
 (25,'productionApp','ligneproduction'),
 (26,'productionApp','lignepertebrique'),
 (27,'productionApp','ligneexigenceproduction'),
 (28,'productionApp','ligneconsommation'),
 (29,'productionApp','initialressourceagence'),
 (30,'productionApp','initialbriqueagence'),
 (31,'productionApp','consommationjour'),
 (32,'commandeApp','commande'),
 (33,'commandeApp','groupecommande'),
 (34,'commandeApp','lignecommande'),
 (35,'commandeApp','prixzonelivraison'),
 (36,'commandeApp','zonelivraison'),
 (37,'livraisonApp','chauffeur'),
 (38,'livraisonApp','lignelivraison'),
 (39,'livraisonApp','livraison'),
 (40,'livraisonApp','vehicule'),
 (41,'livraisonApp','tricycle'),
 (42,'approvisionnementApp','achatstock'),
 (43,'approvisionnementApp','approvisionnement'),
 (44,'approvisionnementApp','fournisseur'),
 (45,'approvisionnementApp','ligneachatstock'),
 (46,'approvisionnementApp','ligneapprovisionnement'),
 (47,'comptabilityApp','categoryoperation'),
 (48,'comptabilityApp','compte'),
 (49,'comptabilityApp','modepayement'),
 (50,'comptabilityApp','mouvement'),
 (51,'comptabilityApp','operation'),
 (52,'comptabilityApp','reglement'),
 (53,'comptabilityApp','reglementachatstock'),
 (54,'comptabilityApp','reglementapprovisionnement'),
 (55,'comptabilityApp','reglementcommande'),
 (56,'comptabilityApp','reglementtricycle'),
 (57,'comptabilityApp','typemouvement'),
 (58,'comptabilityApp','typeoperationcaisse'),
 (59,'comptabilityApp','typereglement'),
 (60,'comptabilityApp','transfertfond'),
 (61,'paramApp','myapp'),
 (62,'paramApp','mycompte');
INSERT INTO "django_migrations" ("id","app","name","applied") VALUES (1,'contenttypes','0001_initial','2021-10-05 21:33:23.881859'),
 (2,'auth','0001_initial','2021-10-05 21:33:25.546683'),
 (3,'admin','0001_initial','2021-10-05 21:33:25.602577'),
 (4,'admin','0002_logentry_remove_auto_add','2021-10-05 21:33:25.647118'),
 (5,'admin','0003_logentry_add_action_flag_choices','2021-10-05 21:33:25.686542'),
 (6,'contenttypes','0002_remove_content_type_name','2021-10-05 21:33:25.736200'),
 (7,'auth','0002_alter_permission_name_max_length','2021-10-05 21:33:25.785658'),
 (8,'auth','0003_alter_user_email_max_length','2021-10-05 21:33:25.817538'),
 (9,'auth','0004_alter_user_username_opts','2021-10-05 21:33:25.849066'),
 (10,'auth','0005_alter_user_last_login_null','2021-10-05 21:33:25.881940'),
 (11,'auth','0006_require_contenttypes_0002','2021-10-05 21:33:25.904581'),
 (12,'auth','0007_alter_validators_add_error_messages','2021-10-05 21:33:25.961676'),
 (13,'auth','0008_alter_user_username_max_length','2021-10-05 21:33:26.135975'),
 (14,'auth','0009_alter_user_last_name_max_length','2021-10-05 21:33:26.172843'),
 (15,'auth','0010_alter_group_name_max_length','2021-10-05 21:33:26.227903'),
 (16,'auth','0011_update_proxy_permissions','2021-10-05 21:33:26.263869'),
 (17,'auth','0012_alter_user_first_name_max_length','2021-10-05 21:33:26.292638'),
 (18,'organisationApp','0001_initial','2021-10-05 21:33:26.376795'),
 (19,'productionApp','0001_initial','2021-10-05 21:33:26.661507'),
 (20,'approvisionnementApp','0001_initial','2021-10-05 21:33:26.713043'),
 (21,'approvisionnementApp','0002_initial','2021-10-05 21:33:27.133739'),
 (22,'authApp','0001_initial','2021-10-05 21:33:27.189813'),
 (23,'authApp','0002_initial','2021-10-05 21:33:27.335177'),
 (24,'clientApp','0001_initial','2021-10-05 21:33:27.392699'),
 (25,'clientApp','0002_initial','2021-10-05 21:33:27.741150'),
 (26,'commandeApp','0001_initial','2021-10-05 21:33:27.806550'),
 (27,'commandeApp','0002_zonelivraison_agence','2021-10-05 21:33:27.873529'),
 (28,'commandeApp','0003_initial','2021-10-05 21:33:28.321802'),
 (29,'livraisonApp','0001_initial','2021-10-05 21:33:28.441500'),
 (30,'comptabilityApp','0001_initial','2021-10-05 21:33:28.513784'),
 (31,'comptabilityApp','0002_initial','2021-10-05 21:33:29.552353'),
 (32,'livraisonApp','0002_initial','2021-10-05 21:33:30.329904'),
 (33,'livraisonApp','0003_initial','2021-10-05 21:33:30.495454'),
 (34,'paramApp','0001_initial','2021-10-05 21:33:30.525533'),
 (35,'sessions','0001_initial','2021-10-05 21:33:30.576745');
INSERT INTO "django_session" ("session_key","session_data","expire_date") VALUES ('iis9rjihrf9gskp85n8eowwghi0z2pmx','.eJxVjEsOAiEQBe_C2hAaGqVduvcMpPnJqIFkmFkZ766TzEK3r6reS3hel-rXkWc_JXEWWhx-t8DxkdsG0p3brcvY2zJPQW6K3OmQ157y87K7fweVR_3WxMEyIVqIBDYBIBBwYuWUPpID5QwpZamEaF0sMSdEk5lLPiE5bcT7A8BMN0M:1mXstV:2-xAwaGLX4ciNL-mQVXCxLN9oGjwI2YZgDapejuYzMk','2021-10-19 22:26:41.073103'),
 ('ohucblw8qi9xn6c1y91crsr64f3my5cr','.eJxVjMsOwiAQRf-FtSGDTJnWpft-AxkYkKopSR8r478rSRe6veec-1Ke9634fU2Ln0RdlFGn3y1wfKS5AbnzfKs61nlbpqCbog-66rFKel4P9--g8Fq-NVgkyQAx2s44dGAMnwGowzxg7AVpYASK4ppFiYQg9-wCZLHOoHp_ALUtNv8:1mXshB:49ILgbwHVvBaTKSerRS6IXsIG-K4CN8aWHXdbuiWmBI','2021-10-19 22:13:57.209733');
INSERT INTO "organisationApp_agence" ("id","created_at","update_at","deleted","protected","name","lieu") VALUES ('56377fe609cf490987c6df47267e1282','2021-10-05 21:38:46.754290','2021-10-05 21:38:46.754374',0,0,'Agence Abidjan','Yopougon Azito');
INSERT INTO "organisationApp_employe" ("user_ptr_id","created_at","update_at","deleted","protected","telephone","adresse","is_never_connected","is_allowed","avatar","agence_id") VALUES (2,'2021-10-05 21:39:07.768972','2021-10-05 21:40:14.343497',0,0,'59573307','Port-Bouet',0,1,'images/employes/carte.png','56377fe609cf490987c6df47267e1282');
INSERT INTO "paramApp_myapp" ("id","socialreason","email","contact","fax","postale","devise","logo","allow_waiting_payment","tva","seuil_credit","production_auto","rupture_stock") VALUES (1,'Jool treaning','test@yopmail.com','082332121','4566589864','655623','$','images/params/105933523-logo-d-ailes-de-vecteur-entreprise-de-logo-ailé-et-conception-de-vecteur-de-vol-aile-icône.jpg',1,1,1,1,1);
INSERT INTO "productionApp_brique" ("id","created_at","update_at","deleted","protected","name","active","comment","image") VALUES ('f2d97def6f3b4cd9b33b342cc005bc55','2021-10-05 22:06:18.559792','2021-10-05 22:06:31.847106',0,0,'BTC 15',1,'dedcscd','Capture_décran_du_2021-10-01_11-16-56.png'),
 ('0cfb69239f3f4bee9ef9232f6c5f6d29','2021-10-05 22:08:09.841033','2021-10-05 22:08:09.841059',0,0,'Hourdis FR',1,'dqs','images/briques/Capture_décran_du_2021-09-27_10-41-12.png'),
 ('bebde59d90a94c519f657fb3287e4ebc','2021-10-05 22:08:21.582687','2021-10-05 22:08:21.582732',0,0,'AC 12',1,'sdz','images/briques/Capture_décran_du_2021-09-27_10-41-12_rt2FZ5J.png'),
 ('d8e1b279e53a460cac315a8247f1f0b1','2021-10-05 22:09:27.614131','2021-10-05 22:11:54.093629',0,0,'AP 15',1,'dz','');
COMMIT;
